{
  "AssemblyIdentity": "Microsoft.Extensions.FileProviders.Composite, Version=2.1.1.0, Culture=neutral, PublicKeyToken=adb9793829ddae60",
  "Types": [
    {
      "Name": "Microsoft.Extensions.FileProviders.CompositeFileProvider",
      "Visibility": "Public",
      "Kind": "Class",
      "ImplementedInterfaces": [
        "Microsoft.Extensions.FileProviders.IFileProvider"
      ],
      "Members": [
        {
          "Kind": "Method",
          "Name": "GetFileInfo",
          "Parameters": [
            {
              "Name": "subpath",
              "Type": "System.String"
            }
          ],
          "ReturnType": "Microsoft.Extensions.FileProviders.IFileInfo",
          "Sealed": true,
          "Virtual": true,
          "ImplementedInterface": "Microsoft.Extensions.FileProviders.IFileProvider",
          "Visibility": "Public",
          "GenericParameter": []
        },
        {
          "Kind": "Method",
          "Name": "GetDirectoryContents",
          "Parameters": [
            {
              "Name": "subpath",
              "Type": "System.String"
            }
          ],
          "ReturnType": "Microsoft.Extensions.FileProviders.IDirectoryContents",
          "Sealed": true,
          "Virtual": true,
          "ImplementedInterface": "Microsoft.Extensions.FileProviders.IFileProvider",
          "Visibility": "Public",
          "GenericParameter": []
        },
        {
          "Kind": "Method",
          "Name": "Watch",
          "Parameters": [
            {
              "Name": "pattern",
              "Type": "System.String"
            }
          ],
          "ReturnType": "Microsoft.Extensions.Primitives.IChangeToken",
          "Sealed": true,
          "Virtual": true,
          "ImplementedInterface": "Microsoft.Extensions.FileProviders.IFileProvider",
          "Visibility": "Public",
          "GenericParameter": []
        },
        {
          "Kind": "Method",
          "Name": "get_FileProviders",
          "Parameters": [],
          "ReturnType": "System.Collections.Generic.IEnumerable<Microsoft.Extensions.FileProviders.IFileProvider>",
          "Visibility": "Public",
          "GenericParameter": []
        },
        {
          "Kind": "Constructor",
          "Name": ".ctor",
          "Parameters": [
            {
              "Name": "fileProviders",
              "Type": "Microsoft.Extensions.FileProviders.IFileProvider[]",
              "IsParams": true
            }
          ],
          "Visibility": "Public",
          "GenericParameter": []
        },
        {
          "Kind": "Constructor",
          "Name": ".ctor",
          "Parameters": [
            {
              "Name": "fileProviders",
              "Type": "System.Collections.Generic.IEnumerable<Microsoft.Extensions.FileProviders.IFileProvider>"
            }
          ],
          "Visibility": "Public",
          "GenericParameter": []
        }
      ],
      "GenericParameters": []
    },
    {
      "Name": "Microsoft.Extensions.FileProviders.Composite.CompositeDirectoryContents",
      "Visibility": "Public",
      "Kind": "Class",
      "ImplementedInterfaces": [
        "Microsoft.Extensions.FileProviders.IDirectoryContents"
      ],
      "Members": [
        {
          "Kind": "Method",
          "Name": "GetEnumerator",
          "Parameters": [],
          "ReturnType": "System.Collections.Generic.IEnumerator<Microsoft.Extensions.FileProviders.IFileInfo>",
          "Sealed": true,
          "Virtual": true,
          "ImplementedInterface": "System.Collections.Generic.IEnumerable<Microsoft.Extensions.FileProviders.IFileInfo>",
          "Visibility": "Public",
          "GenericParameter": []
        },
        {
          "Kind": "Method",
          "Name": "get_Exists",
          "Parameters": [],
          "ReturnType": "System.Boolean",
          "Sealed": true,
          "Virtual": true,
          "ImplementedInterface": "Microsoft.Extensions.FileProviders.IDirectoryContents",
          "Visibility": "Public",
          "GenericParameter": []
        },
        {
          "Kind": "Constructor",
          "Name": ".ctor",
          "Parameters": [
            {
              "Name": "fileProviders",
              "Type": "System.Collections.Generic.IList<Microsoft.Extensions.FileProviders.IFileProvider>"
            },
            {
              "Name": "subpath",
              "Type": "System.String"
            }
          ],
          "Visibility": "Public",
          "GenericParameter": []
        }
      ],
      "GenericParameters": []
    }
  ]
}