{
  "AssemblyIdentity": "Microsoft.Extensions.FileProviders.Embedded, Version=2.1.1.0, Culture=neutral, PublicKeyToken=adb9793829ddae60",
  "Types": [
    {
      "Name": "Microsoft.Extensions.FileProviders.EmbeddedFileProvider",
      "Visibility": "Public",
      "Kind": "Class",
      "ImplementedInterfaces": [
        "Microsoft.Extensions.FileProviders.IFileProvider"
      ],
      "Members": [
        {
          "Kind": "Method",
          "Name": "GetFileInfo",
          "Parameters": [
            {
              "Name": "subpath",
              "Type": "System.String"
            }
          ],
          "ReturnType": "Microsoft.Extensions.FileProviders.IFileInfo",
          "Sealed": true,
          "Virtual": true,
          "ImplementedInterface": "Microsoft.Extensions.FileProviders.IFileProvider",
          "Visibility": "Public",
          "GenericParameter": []
        },
        {
          "Kind": "Method",
          "Name": "GetDirectoryContents",
          "Parameters": [
            {
              "Name": "subpath",
              "Type": "System.String"
            }
          ],
          "ReturnType": "Microsoft.Extensions.FileProviders.IDirectoryContents",
          "Sealed": true,
          "Virtual": true,
          "ImplementedInterface": "Microsoft.Extensions.FileProviders.IFileProvider",
          "Visibility": "Public",
          "GenericParameter": []
        },
        {
          "Kind": "Method",
          "Name": "Watch",
          "Parameters": [
            {
              "Name": "pattern",
              "Type": "System.String"
            }
          ],
          "ReturnType": "Microsoft.Extensions.Primitives.IChangeToken",
          "Sealed": true,
          "Virtual": true,
          "ImplementedInterface": "Microsoft.Extensions.FileProviders.IFileProvider",
          "Visibility": "Public",
          "GenericParameter": []
        },
        {
          "Kind": "Constructor",
          "Name": ".ctor",
          "Parameters": [
            {
              "Name": "assembly",
              "Type": "System.Reflection.Assembly"
            }
          ],
          "Visibility": "Public",
          "GenericParameter": []
        },
        {
          "Kind": "Constructor",
          "Name": ".ctor",
          "Parameters": [
            {
              "Name": "assembly",
              "Type": "System.Reflection.Assembly"
            },
            {
              "Name": "baseNamespace",
              "Type": "System.String"
            }
          ],
          "Visibility": "Public",
          "GenericParameter": []
        }
      ],
      "GenericParameters": []
    },
    {
      "Name": "Microsoft.Extensions.FileProviders.ManifestEmbeddedFileProvider",
      "Visibility": "Public",
      "Kind": "Class",
      "ImplementedInterfaces": [
        "Microsoft.Extensions.FileProviders.IFileProvider"
      ],
      "Members": [
        {
          "Kind": "Method",
          "Name": "get_Assembly",
          "Parameters": [],
          "ReturnType": "System.Reflection.Assembly",
          "Visibility": "Public",
          "GenericParameter": []
        },
        {
          "Kind": "Method",
          "Name": "GetDirectoryContents",
          "Parameters": [
            {
              "Name": "subpath",
              "Type": "System.String"
            }
          ],
          "ReturnType": "Microsoft.Extensions.FileProviders.IDirectoryContents",
          "Sealed": true,
          "Virtual": true,
          "ImplementedInterface": "Microsoft.Extensions.FileProviders.IFileProvider",
          "Visibility": "Public",
          "GenericParameter": []
        },
        {
          "Kind": "Method",
          "Name": "GetFileInfo",
          "Parameters": [
            {
              "Name": "subpath",
              "Type": "System.String"
            }
          ],
          "ReturnType": "Microsoft.Extensions.FileProviders.IFileInfo",
          "Sealed": true,
          "Virtual": true,
          "ImplementedInterface": "Microsoft.Extensions.FileProviders.IFileProvider",
          "Visibility": "Public",
          "GenericParameter": []
        },
        {
          "Kind": "Method",
          "Name": "Watch",
          "Parameters": [
            {
              "Name": "filter",
              "Type": "System.String"
            }
          ],
          "ReturnType": "Microsoft.Extensions.Primitives.IChangeToken",
          "Sealed": true,
          "Virtual": true,
          "ImplementedInterface": "Microsoft.Extensions.FileProviders.IFileProvider",
          "Visibility": "Public",
          "GenericParameter": []
        },
        {
          "Kind": "Constructor",
          "Name": ".ctor",
          "Parameters": [
            {
              "Name": "assembly",
              "Type": "System.Reflection.Assembly"
            }
          ],
          "Visibility": "Public",
          "GenericParameter": []
        },
        {
          "Kind": "Constructor",
          "Name": ".ctor",
          "Parameters": [
            {
              "Name": "assembly",
              "Type": "System.Reflection.Assembly"
            },
            {
              "Name": "root",
              "Type": "System.String"
            }
          ],
          "Visibility": "Public",
          "GenericParameter": []
        },
        {
          "Kind": "Constructor",
          "Name": ".ctor",
          "Parameters": [
            {
              "Name": "assembly",
              "Type": "System.Reflection.Assembly"
            },
            {
              "Name": "root",
              "Type": "System.String"
            },
            {
              "Name": "lastModified",
              "Type": "System.DateTimeOffset"
            }
          ],
          "Visibility": "Public",
          "GenericParameter": []
        },
        {
          "Kind": "Constructor",
          "Name": ".ctor",
          "Parameters": [
            {
              "Name": "assembly",
              "Type": "System.Reflection.Assembly"
            },
            {
              "Name": "root",
              "Type": "System.String"
            },
            {
              "Name": "manifestName",
              "Type": "System.String"
            },
            {
              "Name": "lastModified",
              "Type": "System.DateTimeOffset"
            }
          ],
          "Visibility": "Public",
          "GenericParameter": []
        }
      ],
      "GenericParameters": []
    },
    {
      "Name": "Microsoft.Extensions.FileProviders.Embedded.EmbeddedResourceFileInfo",
      "Visibility": "Public",
      "Kind": "Class",
      "ImplementedInterfaces": [
        "Microsoft.Extensions.FileProviders.IFileInfo"
      ],
      "Members": [
        {
          "Kind": "Method",
          "Name": "get_Exists",
          "Parameters": [],
          "ReturnType": "System.Boolean",
          "Sealed": true,
          "Virtual": true,
          "ImplementedInterface": "Microsoft.Extensions.FileProviders.IFileInfo",
          "Visibility": "Public",
          "GenericParameter": []
        },
        {
          "Kind": "Method",
          "Name": "get_Length",
          "Parameters": [],
          "ReturnType": "System.Int64",
          "Sealed": true,
          "Virtual": true,
          "ImplementedInterface": "Microsoft.Extensions.FileProviders.IFileInfo",
          "Visibility": "Public",
          "GenericParameter": []
        },
        {
          "Kind": "Method",
          "Name": "get_PhysicalPath",
          "Parameters": [],
          "ReturnType": "System.String",
          "Sealed": true,
          "Virtual": true,
          "ImplementedInterface": "Microsoft.Extensions.FileProviders.IFileInfo",
          "Visibility": "Public",
          "GenericParameter": []
        },
        {
          "Kind": "Method",
          "Name": "get_Name",
          "Parameters": [],
          "ReturnType": "System.String",
          "Sealed": true,
          "Virtual": true,
          "ImplementedInterface": "Microsoft.Extensions.FileProviders.IFileInfo",
          "Visibility": "Public",
          "GenericParameter": []
        },
        {
          "Kind": "Method",
          "Name": "get_LastModified",
          "Parameters": [],
          "ReturnType": "System.DateTimeOffset",
          "Sealed": true,
          "Virtual": true,
          "ImplementedInterface": "Microsoft.Extensions.FileProviders.IFileInfo",
          "Visibility": "Public",
          "GenericParameter": []
        },
        {
          "Kind": "Method",
          "Name": "get_IsDirectory",
          "Parameters": [],
          "ReturnType": "System.Boolean",
          "Sealed": true,
          "Virtual": true,
          "ImplementedInterface": "Microsoft.Extensions.FileProviders.IFileInfo",
          "Visibility": "Public",
          "GenericParameter": []
        },
        {
          "Kind": "Method",
          "Name": "CreateReadStream",
          "Parameters": [],
          "ReturnType": "System.IO.Stream",
          "Sealed": true,
          "Virtual": true,
          "ImplementedInterface": "Microsoft.Extensions.FileProviders.IFileInfo",
          "Visibility": "Public",
          "GenericParameter": []
        },
        {
          "Kind": "Constructor",
          "Name": ".ctor",
          "Parameters": [
            {
              "Name": "assembly",
              "Type": "System.Reflection.Assembly"
            },
            {
              "Name": "resourcePath",
              "Type": "System.String"
            },
            {
              "Name": "name",
              "Type": "System.String"
            },
            {
              "Name": "lastModified",
              "Type": "System.DateTimeOffset"
            }
          ],
          "Visibility": "Public",
          "GenericParameter": []
        }
      ],
      "GenericParameters": []
    }
  ]
}