{
  "AssemblyIdentity": "Microsoft.Extensions.FileProviders.Physical, Version=2.1.1.0, Culture=neutral, PublicKeyToken=adb9793829ddae60",
  "Types": [
    {
      "Name": "Microsoft.Extensions.FileProviders.PhysicalFileProvider",
      "Visibility": "Public",
      "Kind": "Class",
      "ImplementedInterfaces": [
        "Microsoft.Extensions.FileProviders.IFileProvider",
        "System.IDisposable"
      ],
      "Members": [
        {
          "Kind": "Method",
          "Name": "Dispose",
          "Parameters": [],
          "ReturnType": "System.Void",
          "Sealed": true,
          "Virtual": true,
          "ImplementedInterface": "System.IDisposable",
          "Visibility": "Public",
          "GenericParameter": []
        },
        {
          "Kind": "Method",
          "Name": "get_Root",
          "Parameters": [],
          "ReturnType": "System.String",
          "Visibility": "Public",
          "GenericParameter": []
        },
        {
          "Kind": "Method",
          "Name": "GetFileInfo",
          "Parameters": [
            {
              "Name": "subpath",
              "Type": "System.String"
            }
          ],
          "ReturnType": "Microsoft.Extensions.FileProviders.IFileInfo",
          "Sealed": true,
          "Virtual": true,
          "ImplementedInterface": "Microsoft.Extensions.FileProviders.IFileProvider",
          "Visibility": "Public",
          "GenericParameter": []
        },
        {
          "Kind": "Method",
          "Name": "GetDirectoryContents",
          "Parameters": [
            {
              "Name": "subpath",
              "Type": "System.String"
            }
          ],
          "ReturnType": "Microsoft.Extensions.FileProviders.IDirectoryContents",
          "Sealed": true,
          "Virtual": true,
          "ImplementedInterface": "Microsoft.Extensions.FileProviders.IFileProvider",
          "Visibility": "Public",
          "GenericParameter": []
        },
        {
          "Kind": "Method",
          "Name": "Watch",
          "Parameters": [
            {
              "Name": "filter",
              "Type": "System.String"
            }
          ],
          "ReturnType": "Microsoft.Extensions.Primitives.IChangeToken",
          "Sealed": true,
          "Virtual": true,
          "ImplementedInterface": "Microsoft.Extensions.FileProviders.IFileProvider",
          "Visibility": "Public",
          "GenericParameter": []
        },
        {
          "Kind": "Constructor",
          "Name": ".ctor",
          "Parameters": [
            {
              "Name": "root",
              "Type": "System.String"
            }
          ],
          "Visibility": "Public",
          "GenericParameter": []
        },
        {
          "Kind": "Constructor",
          "Name": ".ctor",
          "Parameters": [
            {
              "Name": "root",
              "Type": "System.String"
            },
            {
              "Name": "filters",
              "Type": "Microsoft.Extensions.FileProviders.Physical.ExclusionFilters"
            }
          ],
          "Visibility": "Public",
          "GenericParameter": []
        }
      ],
      "GenericParameters": []
    },
    {
      "Name": "Microsoft.Extensions.FileProviders.Physical.ExclusionFilters",
      "Visibility": "Public",
      "Kind": "Enumeration",
      "Sealed": true,
      "ImplementedInterfaces": [],
      "Members": [
        {
          "Kind": "Field",
          "Name": "Sensitive",
          "Parameters": [],
          "GenericParameter": [],
          "Literal": "7"
        },
        {
          "Kind": "Field",
          "Name": "DotPrefixed",
          "Parameters": [],
          "GenericParameter": [],
          "Literal": "1"
        },
        {
          "Kind": "Field",
          "Name": "Hidden",
          "Parameters": [],
          "GenericParameter": [],
          "Literal": "2"
        },
        {
          "Kind": "Field",
          "Name": "System",
          "Parameters": [],
          "GenericParameter": [],
          "Literal": "4"
        },
        {
          "Kind": "Field",
          "Name": "None",
          "Parameters": [],
          "GenericParameter": [],
          "Literal": "0"
        }
      ],
      "GenericParameters": []
    },
    {
      "Name": "Microsoft.Extensions.FileProviders.Physical.PhysicalDirectoryInfo",
      "Visibility": "Public",
      "Kind": "Class",
      "ImplementedInterfaces": [
        "Microsoft.Extensions.FileProviders.IFileInfo"
      ],
      "Members": [
        {
          "Kind": "Method",
          "Name": "get_Exists",
          "Parameters": [],
          "ReturnType": "System.Boolean",
          "Sealed": true,
          "Virtual": true,
          "ImplementedInterface": "Microsoft.Extensions.FileProviders.IFileInfo",
          "Visibility": "Public",
          "GenericParameter": []
        },
        {
          "Kind": "Method",
          "Name": "get_Length",
          "Parameters": [],
          "ReturnType": "System.Int64",
          "Sealed": true,
          "Virtual": true,
          "ImplementedInterface": "Microsoft.Extensions.FileProviders.IFileInfo",
          "Visibility": "Public",
          "GenericParameter": []
        },
        {
          "Kind": "Method",
          "Name": "get_PhysicalPath",
          "Parameters": [],
          "ReturnType": "System.String",
          "Sealed": true,
          "Virtual": true,
          "ImplementedInterface": "Microsoft.Extensions.FileProviders.IFileInfo",
          "Visibility": "Public",
          "GenericParameter": []
        },
        {
          "Kind": "Method",
          "Name": "get_Name",
          "Parameters": [],
          "ReturnType": "System.String",
          "Sealed": true,
          "Virtual": true,
          "ImplementedInterface": "Microsoft.Extensions.FileProviders.IFileInfo",
          "Visibility": "Public",
          "GenericParameter": []
        },
        {
          "Kind": "Method",
          "Name": "get_LastModified",
          "Parameters": [],
          "ReturnType": "System.DateTimeOffset",
          "Sealed": true,
          "Virtual": true,
          "ImplementedInterface": "Microsoft.Extensions.FileProviders.IFileInfo",
          "Visibility": "Public",
          "GenericParameter": []
        },
        {
          "Kind": "Method",
          "Name": "get_IsDirectory",
          "Parameters": [],
          "ReturnType": "System.Boolean",
          "Sealed": true,
          "Virtual": true,
          "ImplementedInterface": "Microsoft.Extensions.FileProviders.IFileInfo",
          "Visibility": "Public",
          "GenericParameter": []
        },
        {
          "Kind": "Method",
          "Name": "CreateReadStream",
          "Parameters": [],
          "ReturnType": "System.IO.Stream",
          "Sealed": true,
          "Virtual": true,
          "ImplementedInterface": "Microsoft.Extensions.FileProviders.IFileInfo",
          "Visibility": "Public",
          "GenericParameter": []
        },
        {
          "Kind": "Constructor",
          "Name": ".ctor",
          "Parameters": [
            {
              "Name": "info",
              "Type": "System.IO.DirectoryInfo"
            }
          ],
          "Visibility": "Public",
          "GenericParameter": []
        }
      ],
      "GenericParameters": []
    },
    {
      "Name": "Microsoft.Extensions.FileProviders.Physical.PhysicalFileInfo",
      "Visibility": "Public",
      "Kind": "Class",
      "ImplementedInterfaces": [
        "Microsoft.Extensions.FileProviders.IFileInfo"
      ],
      "Members": [
        {
          "Kind": "Method",
          "Name": "get_Exists",
          "Parameters": [],
          "ReturnType": "System.Boolean",
          "Sealed": true,
          "Virtual": true,
          "ImplementedInterface": "Microsoft.Extensions.FileProviders.IFileInfo",
          "Visibility": "Public",
          "GenericParameter": []
        },
        {
          "Kind": "Method",
          "Name": "get_Length",
          "Parameters": [],
          "ReturnType": "System.Int64",
          "Sealed": true,
          "Virtual": true,
          "ImplementedInterface": "Microsoft.Extensions.FileProviders.IFileInfo",
          "Visibility": "Public",
          "GenericParameter": []
        },
        {
          "Kind": "Method",
          "Name": "get_PhysicalPath",
          "Parameters": [],
          "ReturnType": "System.String",
          "Sealed": true,
          "Virtual": true,
          "ImplementedInterface": "Microsoft.Extensions.FileProviders.IFileInfo",
          "Visibility": "Public",
          "GenericParameter": []
        },
        {
          "Kind": "Method",
          "Name": "get_Name",
          "Parameters": [],
          "ReturnType": "System.String",
          "Sealed": true,
          "Virtual": true,
          "ImplementedInterface": "Microsoft.Extensions.FileProviders.IFileInfo",
          "Visibility": "Public",
          "GenericParameter": []
        },
        {
          "Kind": "Method",
          "Name": "get_LastModified",
          "Parameters": [],
          "ReturnType": "System.DateTimeOffset",
          "Sealed": true,
          "Virtual": true,
          "ImplementedInterface": "Microsoft.Extensions.FileProviders.IFileInfo",
          "Visibility": "Public",
          "GenericParameter": []
        },
        {
          "Kind": "Method",
          "Name": "get_IsDirectory",
          "Parameters": [],
          "ReturnType": "System.Boolean",
          "Sealed": true,
          "Virtual": true,
          "ImplementedInterface": "Microsoft.Extensions.FileProviders.IFileInfo",
          "Visibility": "Public",
          "GenericParameter": []
        },
        {
          "Kind": "Method",
          "Name": "CreateReadStream",
          "Parameters": [],
          "ReturnType": "System.IO.Stream",
          "Sealed": true,
          "Virtual": true,
          "ImplementedInterface": "Microsoft.Extensions.FileProviders.IFileInfo",
          "Visibility": "Public",
          "GenericParameter": []
        },
        {
          "Kind": "Constructor",
          "Name": ".ctor",
          "Parameters": [
            {
              "Name": "info",
              "Type": "System.IO.FileInfo"
            }
          ],
          "Visibility": "Public",
          "GenericParameter": []
        }
      ],
      "GenericParameters": []
    },
    {
      "Name": "Microsoft.Extensions.FileProviders.Physical.PhysicalFilesWatcher",
      "Visibility": "Public",
      "Kind": "Class",
      "ImplementedInterfaces": [
        "System.IDisposable"
      ],
      "Members": [
        {
          "Kind": "Method",
          "Name": "CreateFileChangeToken",
          "Parameters": [
            {
              "Name": "filter",
              "Type": "System.String"
            }
          ],
          "ReturnType": "Microsoft.Extensions.Primitives.IChangeToken",
          "Visibility": "Public",
          "GenericParameter": []
        },
        {
          "Kind": "Method",
          "Name": "Dispose",
          "Parameters": [],
          "ReturnType": "System.Void",
          "Sealed": true,
          "Virtual": true,
          "ImplementedInterface": "System.IDisposable",
          "Visibility": "Public",
          "GenericParameter": []
        },
        {
          "Kind": "Constructor",
          "Name": ".ctor",
          "Parameters": [
            {
              "Name": "root",
              "Type": "System.String"
            },
            {
              "Name": "fileSystemWatcher",
              "Type": "System.IO.FileSystemWatcher"
            },
            {
              "Name": "pollForChanges",
              "Type": "System.Boolean"
            }
          ],
          "Visibility": "Public",
          "GenericParameter": []
        },
        {
          "Kind": "Constructor",
          "Name": ".ctor",
          "Parameters": [
            {
              "Name": "root",
              "Type": "System.String"
            },
            {
              "Name": "fileSystemWatcher",
              "Type": "System.IO.FileSystemWatcher"
            },
            {
              "Name": "pollForChanges",
              "Type": "System.Boolean"
            },
            {
              "Name": "filters",
              "Type": "Microsoft.Extensions.FileProviders.Physical.ExclusionFilters"
            }
          ],
          "Visibility": "Public",
          "GenericParameter": []
        }
      ],
      "GenericParameters": []
    },
    {
      "Name": "Microsoft.Extensions.FileProviders.Physical.PollingFileChangeToken",
      "Visibility": "Public",
      "Kind": "Class",
      "ImplementedInterfaces": [
        "Microsoft.Extensions.Primitives.IChangeToken"
      ],
      "Members": [
        {
          "Kind": "Method",
          "Name": "get_ActiveChangeCallbacks",
          "Parameters": [],
          "ReturnType": "System.Boolean",
          "Sealed": true,
          "Virtual": true,
          "ImplementedInterface": "Microsoft.Extensions.Primitives.IChangeToken",
          "Visibility": "Public",
          "GenericParameter": []
        },
        {
          "Kind": "Method",
          "Name": "get_HasChanged",
          "Parameters": [],
          "ReturnType": "System.Boolean",
          "Sealed": true,
          "Virtual": true,
          "ImplementedInterface": "Microsoft.Extensions.Primitives.IChangeToken",
          "Visibility": "Public",
          "GenericParameter": []
        },
        {
          "Kind": "Method",
          "Name": "RegisterChangeCallback",
          "Parameters": [
            {
              "Name": "callback",
              "Type": "System.Action<System.Object>"
            },
            {
              "Name": "state",
              "Type": "System.Object"
            }
          ],
          "ReturnType": "System.IDisposable",
          "Sealed": true,
          "Virtual": true,
          "ImplementedInterface": "Microsoft.Extensions.Primitives.IChangeToken",
          "Visibility": "Public",
          "GenericParameter": []
        },
        {
          "Kind": "Constructor",
          "Name": ".ctor",
          "Parameters": [
            {
              "Name": "fileInfo",
              "Type": "System.IO.FileInfo"
            }
          ],
          "Visibility": "Public",
          "GenericParameter": []
        }
      ],
      "GenericParameters": []
    },
    {
      "Name": "Microsoft.Extensions.FileProviders.Physical.PollingWildCardChangeToken",
      "Visibility": "Public",
      "Kind": "Class",
      "ImplementedInterfaces": [
        "Microsoft.Extensions.Primitives.IChangeToken"
      ],
      "Members": [
        {
          "Kind": "Method",
          "Name": "get_ActiveChangeCallbacks",
          "Parameters": [],
          "ReturnType": "System.Boolean",
          "Sealed": true,
          "Virtual": true,
          "ImplementedInterface": "Microsoft.Extensions.Primitives.IChangeToken",
          "Visibility": "Public",
          "GenericParameter": []
        },
        {
          "Kind": "Method",
          "Name": "get_HasChanged",
          "Parameters": [],
          "ReturnType": "System.Boolean",
          "Sealed": true,
          "Virtual": true,
          "ImplementedInterface": "Microsoft.Extensions.Primitives.IChangeToken",
          "Visibility": "Public",
          "GenericParameter": []
        },
        {
          "Kind": "Method",
          "Name": "GetLastWriteUtc",
          "Parameters": [
            {
              "Name": "path",
              "Type": "System.String"
            }
          ],
          "ReturnType": "System.DateTime",
          "Virtual": true,
          "Visibility": "Protected",
          "GenericParameter": []
        },
        {
          "Kind": "Constructor",
          "Name": ".ctor",
          "Parameters": [
            {
              "Name": "root",
              "Type": "System.String"
            },
            {
              "Name": "pattern",
              "Type": "System.String"
            }
          ],
          "Visibility": "Public",
          "GenericParameter": []
        }
      ],
      "GenericParameters": []
    }
  ]
}