{
  "AssemblyIdentity": "Microsoft.Extensions.FileProviders.Abstractions, Version=2.1.1.0, Culture=neutral, PublicKeyToken=adb9793829ddae60",
  "Types": [
    {
      "Name": "Microsoft.Extensions.FileProviders.IDirectoryContents",
      "Visibility": "Public",
      "Kind": "Interface",
      "Abstract": true,
      "ImplementedInterfaces": [
        "System.Collections.Generic.IEnumerable<Microsoft.Extensions.FileProviders.IFileInfo>"
      ],
      "Members": [
        {
          "Kind": "Method",
          "Name": "get_Exists",
          "Parameters": [],
          "ReturnType": "System.Boolean",
          "GenericParameter": []
        }
      ],
      "GenericParameters": []
    },
    {
      "Name": "Microsoft.Extensions.FileProviders.IFileInfo",
      "Visibility": "Public",
      "Kind": "Interface",
      "Abstract": true,
      "ImplementedInterfaces": [],
      "Members": [
        {
          "Kind": "Method",
          "Name": "get_Exists",
          "Parameters": [],
          "ReturnType": "System.Boolean",
          "GenericParameter": []
        },
        {
          "Kind": "Method",
          "Name": "get_Length",
          "Parameters": [],
          "ReturnType": "System.Int64",
          "GenericParameter": []
        },
        {
          "Kind": "Method",
          "Name": "get_PhysicalPath",
          "Parameters": [],
          "ReturnType": "System.String",
          "GenericParameter": []
        },
        {
          "Kind": "Method",
          "Name": "get_Name",
          "Parameters": [],
          "ReturnType": "System.String",
          "GenericParameter": []
        },
        {
          "Kind": "Method",
          "Name": "get_LastModified",
          "Parameters": [],
          "ReturnType": "System.DateTimeOffset",
          "GenericParameter": []
        },
        {
          "Kind": "Method",
          "Name": "get_IsDirectory",
          "Parameters": [],
          "ReturnType": "System.Boolean",
          "GenericParameter": []
        },
        {
          "Kind": "Method",
          "Name": "CreateReadStream",
          "Parameters": [],
          "ReturnType": "System.IO.Stream",
          "GenericParameter": []
        }
      ],
      "GenericParameters": []
    },
    {
      "Name": "Microsoft.Extensions.FileProviders.IFileProvider",
      "Visibility": "Public",
      "Kind": "Interface",
      "Abstract": true,
      "ImplementedInterfaces": [],
      "Members": [
        {
          "Kind": "Method",
          "Name": "GetFileInfo",
          "Parameters": [
            {
              "Name": "subpath",
              "Type": "System.String"
            }
          ],
          "ReturnType": "Microsoft.Extensions.FileProviders.IFileInfo",
          "GenericParameter": []
        },
        {
          "Kind": "Method",
          "Name": "GetDirectoryContents",
          "Parameters": [
            {
              "Name": "subpath",
              "Type": "System.String"
            }
          ],
          "ReturnType": "Microsoft.Extensions.FileProviders.IDirectoryContents",
          "GenericParameter": []
        },
        {
          "Kind": "Method",
          "Name": "Watch",
          "Parameters": [
            {
              "Name": "filter",
              "Type": "System.String"
            }
          ],
          "ReturnType": "Microsoft.Extensions.Primitives.IChangeToken",
          "GenericParameter": []
        }
      ],
      "GenericParameters": []
    },
    {
      "Name": "Microsoft.Extensions.FileProviders.NotFoundDirectoryContents",
      "Visibility": "Public",
      "Kind": "Class",
      "ImplementedInterfaces": [
        "Microsoft.Extensions.FileProviders.IDirectoryContents"
      ],
      "Members": [
        {
          "Kind": "Method",
          "Name": "GetEnumerator",
          "Parameters": [],
          "ReturnType": "System.Collections.Generic.IEnumerator<Microsoft.Extensions.FileProviders.IFileInfo>",
          "Sealed": true,
          "Virtual": true,
          "ImplementedInterface": "System.Collections.Generic.IEnumerable<Microsoft.Extensions.FileProviders.IFileInfo>",
          "Visibility": "Public",
          "GenericParameter": []
        },
        {
          "Kind": "Method",
          "Name": "get_Singleton",
          "Parameters": [],
          "ReturnType": "Microsoft.Extensions.FileProviders.NotFoundDirectoryContents",
          "Static": true,
          "Visibility": "Public",
          "GenericParameter": []
        },
        {
          "Kind": "Method",
          "Name": "get_Exists",
          "Parameters": [],
          "ReturnType": "System.Boolean",
          "Sealed": true,
          "Virtual": true,
          "ImplementedInterface": "Microsoft.Extensions.FileProviders.IDirectoryContents",
          "Visibility": "Public",
          "GenericParameter": []
        },
        {
          "Kind": "Constructor",
          "Name": ".ctor",
          "Parameters": [],
          "Visibility": "Public",
          "GenericParameter": []
        }
      ],
      "GenericParameters": []
    },
    {
      "Name": "Microsoft.Extensions.FileProviders.NotFoundFileInfo",
      "Visibility": "Public",
      "Kind": "Class",
      "ImplementedInterfaces": [
        "Microsoft.Extensions.FileProviders.IFileInfo"
      ],
      "Members": [
        {
          "Kind": "Method",
          "Name": "get_Exists",
          "Parameters": [],
          "ReturnType": "System.Boolean",
          "Sealed": true,
          "Virtual": true,
          "ImplementedInterface": "Microsoft.Extensions.FileProviders.IFileInfo",
          "Visibility": "Public",
          "GenericParameter": []
        },
        {
          "Kind": "Method",
          "Name": "get_IsDirectory",
          "Parameters": [],
          "ReturnType": "System.Boolean",
          "Sealed": true,
          "Virtual": true,
          "ImplementedInterface": "Microsoft.Extensions.FileProviders.IFileInfo",
          "Visibility": "Public",
          "GenericParameter": []
        },
        {
          "Kind": "Method",
          "Name": "get_LastModified",
          "Parameters": [],
          "ReturnType": "System.DateTimeOffset",
          "Sealed": true,
          "Virtual": true,
          "ImplementedInterface": "Microsoft.Extensions.FileProviders.IFileInfo",
          "Visibility": "Public",
          "GenericParameter": []
        },
        {
          "Kind": "Method",
          "Name": "get_Length",
          "Parameters": [],
          "ReturnType": "System.Int64",
          "Sealed": true,
          "Virtual": true,
          "ImplementedInterface": "Microsoft.Extensions.FileProviders.IFileInfo",
          "Visibility": "Public",
          "GenericParameter": []
        },
        {
          "Kind": "Method",
          "Name": "get_Name",
          "Parameters": [],
          "ReturnType": "System.String",
          "Sealed": true,
          "Virtual": true,
          "ImplementedInterface": "Microsoft.Extensions.FileProviders.IFileInfo",
          "Visibility": "Public",
          "GenericParameter": []
        },
        {
          "Kind": "Method",
          "Name": "get_PhysicalPath",
          "Parameters": [],
          "ReturnType": "System.String",
          "Sealed": true,
          "Virtual": true,
          "ImplementedInterface": "Microsoft.Extensions.FileProviders.IFileInfo",
          "Visibility": "Public",
          "GenericParameter": []
        },
        {
          "Kind": "Method",
          "Name": "CreateReadStream",
          "Parameters": [],
          "ReturnType": "System.IO.Stream",
          "Sealed": true,
          "Virtual": true,
          "ImplementedInterface": "Microsoft.Extensions.FileProviders.IFileInfo",
          "Visibility": "Public",
          "GenericParameter": []
        },
        {
          "Kind": "Constructor",
          "Name": ".ctor",
          "Parameters": [
            {
              "Name": "name",
              "Type": "System.String"
            }
          ],
          "Visibility": "Public",
          "GenericParameter": []
        }
      ],
      "GenericParameters": []
    },
    {
      "Name": "Microsoft.Extensions.FileProviders.NullChangeToken",
      "Visibility": "Public",
      "Kind": "Class",
      "ImplementedInterfaces": [
        "Microsoft.Extensions.Primitives.IChangeToken"
      ],
      "Members": [
        {
          "Kind": "Method",
          "Name": "get_Singleton",
          "Parameters": [],
          "ReturnType": "Microsoft.Extensions.FileProviders.NullChangeToken",
          "Static": true,
          "Visibility": "Public",
          "GenericParameter": []
        },
        {
          "Kind": "Method",
          "Name": "get_HasChanged",
          "Parameters": [],
          "ReturnType": "System.Boolean",
          "Sealed": true,
          "Virtual": true,
          "ImplementedInterface": "Microsoft.Extensions.Primitives.IChangeToken",
          "Visibility": "Public",
          "GenericParameter": []
        },
        {
          "Kind": "Method",
          "Name": "get_ActiveChangeCallbacks",
          "Parameters": [],
          "ReturnType": "System.Boolean",
          "Sealed": true,
          "Virtual": true,
          "ImplementedInterface": "Microsoft.Extensions.Primitives.IChangeToken",
          "Visibility": "Public",
          "GenericParameter": []
        },
        {
          "Kind": "Method",
          "Name": "RegisterChangeCallback",
          "Parameters": [
            {
              "Name": "callback",
              "Type": "System.Action<System.Object>"
            },
            {
              "Name": "state",
              "Type": "System.Object"
            }
          ],
          "ReturnType": "System.IDisposable",
          "Sealed": true,
          "Virtual": true,
          "ImplementedInterface": "Microsoft.Extensions.Primitives.IChangeToken",
          "Visibility": "Public",
          "GenericParameter": []
        }
      ],
      "GenericParameters": []
    },
    {
      "Name": "Microsoft.Extensions.FileProviders.NullFileProvider",
      "Visibility": "Public",
      "Kind": "Class",
      "ImplementedInterfaces": [
        "Microsoft.Extensions.FileProviders.IFileProvider"
      ],
      "Members": [
        {
          "Kind": "Method",
          "Name": "GetDirectoryContents",
          "Parameters": [
            {
              "Name": "subpath",
              "Type": "System.String"
            }
          ],
          "ReturnType": "Microsoft.Extensions.FileProviders.IDirectoryContents",
          "Sealed": true,
          "Virtual": true,
          "ImplementedInterface": "Microsoft.Extensions.FileProviders.IFileProvider",
          "Visibility": "Public",
          "GenericParameter": []
        },
        {
          "Kind": "Method",
          "Name": "GetFileInfo",
          "Parameters": [
            {
              "Name": "subpath",
              "Type": "System.String"
            }
          ],
          "ReturnType": "Microsoft.Extensions.FileProviders.IFileInfo",
          "Sealed": true,
          "Virtual": true,
          "ImplementedInterface": "Microsoft.Extensions.FileProviders.IFileProvider",
          "Visibility": "Public",
          "GenericParameter": []
        },
        {
          "Kind": "Method",
          "Name": "Watch",
          "Parameters": [
            {
              "Name": "filter",
              "Type": "System.String"
            }
          ],
          "ReturnType": "Microsoft.Extensions.Primitives.IChangeToken",
          "Sealed": true,
          "Virtual": true,
          "ImplementedInterface": "Microsoft.Extensions.FileProviders.IFileProvider",
          "Visibility": "Public",
          "GenericParameter": []
        },
        {
          "Kind": "Constructor",
          "Name": ".ctor",
          "Parameters": [],
          "Visibility": "Public",
          "GenericParameter": []
        }
      ],
      "GenericParameters": []
    }
  ]
}