{
  "AssemblyIdentity": "Microsoft.Extensions.FileSystemGlobbing, Version=2.1.1.0, Culture=neutral, PublicKeyToken=adb9793829ddae60",
  "Types": [
    {
      "Name": "Microsoft.Extensions.FileSystemGlobbing.FilePatternMatch",
      "Visibility": "Public",
      "Kind": "Struct",
      "Sealed": true,
      "ImplementedInterfaces": [
        "System.IEquatable<Microsoft.Extensions.FileSystemGlobbing.FilePatternMatch>"
      ],
      "Members": [
        {
          "Kind": "Method",
          "Name": "get_Path",
          "Parameters": [],
          "ReturnType": "System.String",
          "Visibility": "Public",
          "GenericParameter": []
        },
        {
          "Kind": "Method",
          "Name": "get_Stem",
          "Parameters": [],
          "ReturnType": "System.String",
          "Visibility": "Public",
          "GenericParameter": []
        },
        {
          "Kind": "Method",
          "Name": "Equals",
          "Parameters": [
            {
              "Name": "other",
              "Type": "Microsoft.Extensions.FileSystemGlobbing.FilePatternMatch"
            }
          ],
          "ReturnType": "System.Boolean",
          "Sealed": true,
          "Virtual": true,
          "ImplementedInterface": "System.IEquatable<Microsoft.Extensions.FileSystemGlobbing.FilePatternMatch>",
          "Visibility": "Public",
          "GenericParameter": []
        },
        {
          "Kind": "Method",
          "Name": "Equals",
          "Parameters": [
            {
              "Name": "obj",
              "Type": "System.Object"
            }
          ],
          "ReturnType": "System.Boolean",
          "Virtual": true,
          "Override": true,
          "Visibility": "Public",
          "GenericParameter": []
        },
        {
          "Kind": "Method",
          "Name": "GetHashCode",
          "Parameters": [],
          "ReturnType": "System.Int32",
          "Virtual": true,
          "Override": true,
          "Visibility": "Public",
          "GenericParameter": []
        },
        {
          "Kind": "Constructor",
          "Name": ".ctor",
          "Parameters": [
            {
              "Name": "path",
              "Type": "System.String"
            },
            {
              "Name": "stem",
              "Type": "System.String"
            }
          ],
          "Visibility": "Public",
          "GenericParameter": []
        }
      ],
      "GenericParameters": []
    },
    {
      "Name": "Microsoft.Extensions.FileSystemGlobbing.InMemoryDirectoryInfo",
      "Visibility": "Public",
      "Kind": "Class",
      "BaseType": "Microsoft.Extensions.FileSystemGlobbing.Abstractions.DirectoryInfoBase",
      "ImplementedInterfaces": [],
      "Members": [
        {
          "Kind": "Method",
          "Name": "get_FullName",
          "Parameters": [],
          "ReturnType": "System.String",
          "Virtual": true,
          "Override": true,
          "Visibility": "Public",
          "GenericParameter": []
        },
        {
          "Kind": "Method",
          "Name": "get_Name",
          "Parameters": [],
          "ReturnType": "System.String",
          "Virtual": true,
          "Override": true,
          "Visibility": "Public",
          "GenericParameter": []
        },
        {
          "Kind": "Method",
          "Name": "get_ParentDirectory",
          "Parameters": [],
          "ReturnType": "Microsoft.Extensions.FileSystemGlobbing.Abstractions.DirectoryInfoBase",
          "Virtual": true,
          "Override": true,
          "Visibility": "Public",
          "GenericParameter": []
        },
        {
          "Kind": "Method",
          "Name": "EnumerateFileSystemInfos",
          "Parameters": [],
          "ReturnType": "System.Collections.Generic.IEnumerable<Microsoft.Extensions.FileSystemGlobbing.Abstractions.FileSystemInfoBase>",
          "Virtual": true,
          "Override": true,
          "Visibility": "Public",
          "GenericParameter": []
        },
        {
          "Kind": "Method",
          "Name": "GetDirectory",
          "Parameters": [
            {
              "Name": "path",
              "Type": "System.String"
            }
          ],
          "ReturnType": "Microsoft.Extensions.FileSystemGlobbing.Abstractions.DirectoryInfoBase",
          "Virtual": true,
          "Override": true,
          "Visibility": "Public",
          "GenericParameter": []
        },
        {
          "Kind": "Method",
          "Name": "GetFile",
          "Parameters": [
            {
              "Name": "path",
              "Type": "System.String"
            }
          ],
          "ReturnType": "Microsoft.Extensions.FileSystemGlobbing.Abstractions.FileInfoBase",
          "Virtual": true,
          "Override": true,
          "Visibility": "Public",
          "GenericParameter": []
        },
        {
          "Kind": "Constructor",
          "Name": ".ctor",
          "Parameters": [
            {
              "Name": "rootDir",
              "Type": "System.String"
            },
            {
              "Name": "files",
              "Type": "System.Collections.Generic.IEnumerable<System.String>"
            }
          ],
          "Visibility": "Public",
          "GenericParameter": []
        }
      ],
      "GenericParameters": []
    },
    {
      "Name": "Microsoft.Extensions.FileSystemGlobbing.Matcher",
      "Visibility": "Public",
      "Kind": "Class",
      "ImplementedInterfaces": [],
      "Members": [
        {
          "Kind": "Method",
          "Name": "AddInclude",
          "Parameters": [
            {
              "Name": "pattern",
              "Type": "System.String"
            }
          ],
          "ReturnType": "Microsoft.Extensions.FileSystemGlobbing.Matcher",
          "Virtual": true,
          "Visibility": "Public",
          "GenericParameter": []
        },
        {
          "Kind": "Method",
          "Name": "AddExclude",
          "Parameters": [
            {
              "Name": "pattern",
              "Type": "System.String"
            }
          ],
          "ReturnType": "Microsoft.Extensions.FileSystemGlobbing.Matcher",
          "Virtual": true,
          "Visibility": "Public",
          "GenericParameter": []
        },
        {
          "Kind": "Method",
          "Name": "Execute",
          "Parameters": [
            {
              "Name": "directoryInfo",
              "Type": "Microsoft.Extensions.FileSystemGlobbing.Abstractions.DirectoryInfoBase"
            }
          ],
          "ReturnType": "Microsoft.Extensions.FileSystemGlobbing.PatternMatchingResult",
          "Virtual": true,
          "Visibility": "Public",
          "GenericParameter": []
        },
        {
          "Kind": "Constructor",
          "Name": ".ctor",
          "Parameters": [],
          "Visibility": "Public",
          "GenericParameter": []
        },
        {
          "Kind": "Constructor",
          "Name": ".ctor",
          "Parameters": [
            {
              "Name": "comparisonType",
              "Type": "System.StringComparison"
            }
          ],
          "Visibility": "Public",
          "GenericParameter": []
        }
      ],
      "GenericParameters": []
    },
    {
      "Name": "Microsoft.Extensions.FileSystemGlobbing.MatcherExtensions",
      "Visibility": "Public",
      "Kind": "Class",
      "Abstract": true,
      "Static": true,
      "Sealed": true,
      "ImplementedInterfaces": [],
      "Members": [
        {
          "Kind": "Method",
          "Name": "AddExcludePatterns",
          "Parameters": [
            {
              "Name": "matcher",
              "Type": "Microsoft.Extensions.FileSystemGlobbing.Matcher"
            },
            {
              "Name": "excludePatternsGroups",
              "Type": "System.Collections.Generic.IEnumerable<System.String>[]",
              "IsParams": true
            }
          ],
          "ReturnType": "System.Void",
          "Static": true,
          "Extension": true,
          "Visibility": "Public",
          "GenericParameter": []
        },
        {
          "Kind": "Method",
          "Name": "AddIncludePatterns",
          "Parameters": [
            {
              "Name": "matcher",
              "Type": "Microsoft.Extensions.FileSystemGlobbing.Matcher"
            },
            {
              "Name": "includePatternsGroups",
              "Type": "System.Collections.Generic.IEnumerable<System.String>[]",
              "IsParams": true
            }
          ],
          "ReturnType": "System.Void",
          "Static": true,
          "Extension": true,
          "Visibility": "Public",
          "GenericParameter": []
        },
        {
          "Kind": "Method",
          "Name": "GetResultsInFullPath",
          "Parameters": [
            {
              "Name": "matcher",
              "Type": "Microsoft.Extensions.FileSystemGlobbing.Matcher"
            },
            {
              "Name": "directoryPath",
              "Type": "System.String"
            }
          ],
          "ReturnType": "System.Collections.Generic.IEnumerable<System.String>",
          "Static": true,
          "Extension": true,
          "Visibility": "Public",
          "GenericParameter": []
        },
        {
          "Kind": "Method",
          "Name": "Match",
          "Parameters": [
            {
              "Name": "matcher",
              "Type": "Microsoft.Extensions.FileSystemGlobbing.Matcher"
            },
            {
              "Name": "file",
              "Type": "System.String"
            }
          ],
          "ReturnType": "Microsoft.Extensions.FileSystemGlobbing.PatternMatchingResult",
          "Static": true,
          "Extension": true,
          "Visibility": "Public",
          "GenericParameter": []
        },
        {
          "Kind": "Method",
          "Name": "Match",
          "Parameters": [
            {
              "Name": "matcher",
              "Type": "Microsoft.Extensions.FileSystemGlobbing.Matcher"
            },
            {
              "Name": "rootDir",
              "Type": "System.String"
            },
            {
              "Name": "file",
              "Type": "System.String"
            }
          ],
          "ReturnType": "Microsoft.Extensions.FileSystemGlobbing.PatternMatchingResult",
          "Static": true,
          "Extension": true,
          "Visibility": "Public",
          "GenericParameter": []
        },
        {
          "Kind": "Method",
          "Name": "Match",
          "Parameters": [
            {
              "Name": "matcher",
              "Type": "Microsoft.Extensions.FileSystemGlobbing.Matcher"
            },
            {
              "Name": "files",
              "Type": "System.Collections.Generic.IEnumerable<System.String>"
            }
          ],
          "ReturnType": "Microsoft.Extensions.FileSystemGlobbing.PatternMatchingResult",
          "Static": true,
          "Extension": true,
          "Visibility": "Public",
          "GenericParameter": []
        },
        {
          "Kind": "Method",
          "Name": "Match",
          "Parameters": [
            {
              "Name": "matcher",
              "Type": "Microsoft.Extensions.FileSystemGlobbing.Matcher"
            },
            {
              "Name": "rootDir",
              "Type": "System.String"
            },
            {
              "Name": "files",
              "Type": "System.Collections.Generic.IEnumerable<System.String>"
            }
          ],
          "ReturnType": "Microsoft.Extensions.FileSystemGlobbing.PatternMatchingResult",
          "Static": true,
          "Extension": true,
          "Visibility": "Public",
          "GenericParameter": []
        }
      ],
      "GenericParameters": []
    },
    {
      "Name": "Microsoft.Extensions.FileSystemGlobbing.PatternMatchingResult",
      "Visibility": "Public",
      "Kind": "Class",
      "ImplementedInterfaces": [],
      "Members": [
        {
          "Kind": "Method",
          "Name": "get_Files",
          "Parameters": [],
          "ReturnType": "System.Collections.Generic.IEnumerable<Microsoft.Extensions.FileSystemGlobbing.FilePatternMatch>",
          "Visibility": "Public",
          "GenericParameter": []
        },
        {
          "Kind": "Method",
          "Name": "set_Files",
          "Parameters": [
            {
              "Name": "value",
              "Type": "System.Collections.Generic.IEnumerable<Microsoft.Extensions.FileSystemGlobbing.FilePatternMatch>"
            }
          ],
          "ReturnType": "System.Void",
          "Visibility": "Public",
          "GenericParameter": []
        },
        {
          "Kind": "Method",
          "Name": "get_HasMatches",
          "Parameters": [],
          "ReturnType": "System.Boolean",
          "Visibility": "Public",
          "GenericParameter": []
        },
        {
          "Kind": "Constructor",
          "Name": ".ctor",
          "Parameters": [
            {
              "Name": "files",
              "Type": "System.Collections.Generic.IEnumerable<Microsoft.Extensions.FileSystemGlobbing.FilePatternMatch>"
            }
          ],
          "Visibility": "Public",
          "GenericParameter": []
        },
        {
          "Kind": "Constructor",
          "Name": ".ctor",
          "Parameters": [
            {
              "Name": "files",
              "Type": "System.Collections.Generic.IEnumerable<Microsoft.Extensions.FileSystemGlobbing.FilePatternMatch>"
            },
            {
              "Name": "hasMatches",
              "Type": "System.Boolean"
            }
          ],
          "Visibility": "Public",
          "GenericParameter": []
        }
      ],
      "GenericParameters": []
    },
    {
      "Name": "Microsoft.Extensions.FileSystemGlobbing.Abstractions.DirectoryInfoBase",
      "Visibility": "Public",
      "Kind": "Class",
      "Abstract": true,
      "BaseType": "Microsoft.Extensions.FileSystemGlobbing.Abstractions.FileSystemInfoBase",
      "ImplementedInterfaces": [],
      "Members": [
        {
          "Kind": "Method",
          "Name": "EnumerateFileSystemInfos",
          "Parameters": [],
          "ReturnType": "System.Collections.Generic.IEnumerable<Microsoft.Extensions.FileSystemGlobbing.Abstractions.FileSystemInfoBase>",
          "Virtual": true,
          "Abstract": true,
          "Visibility": "Public",
          "GenericParameter": []
        },
        {
          "Kind": "Method",
          "Name": "GetDirectory",
          "Parameters": [
            {
              "Name": "path",
              "Type": "System.String"
            }
          ],
          "ReturnType": "Microsoft.Extensions.FileSystemGlobbing.Abstractions.DirectoryInfoBase",
          "Virtual": true,
          "Abstract": true,
          "Visibility": "Public",
          "GenericParameter": []
        },
        {
          "Kind": "Method",
          "Name": "GetFile",
          "Parameters": [
            {
              "Name": "path",
              "Type": "System.String"
            }
          ],
          "ReturnType": "Microsoft.Extensions.FileSystemGlobbing.Abstractions.FileInfoBase",
          "Virtual": true,
          "Abstract": true,
          "Visibility": "Public",
          "GenericParameter": []
        },
        {
          "Kind": "Constructor",
          "Name": ".ctor",
          "Parameters": [],
          "Visibility": "Protected",
          "GenericParameter": []
        }
      ],
      "GenericParameters": []
    },
    {
      "Name": "Microsoft.Extensions.FileSystemGlobbing.Abstractions.DirectoryInfoWrapper",
      "Visibility": "Public",
      "Kind": "Class",
      "BaseType": "Microsoft.Extensions.FileSystemGlobbing.Abstractions.DirectoryInfoBase",
      "ImplementedInterfaces": [],
      "Members": [
        {
          "Kind": "Method",
          "Name": "EnumerateFileSystemInfos",
          "Parameters": [],
          "ReturnType": "System.Collections.Generic.IEnumerable<Microsoft.Extensions.FileSystemGlobbing.Abstractions.FileSystemInfoBase>",
          "Virtual": true,
          "Override": true,
          "Visibility": "Public",
          "GenericParameter": []
        },
        {
          "Kind": "Method",
          "Name": "GetDirectory",
          "Parameters": [
            {
              "Name": "name",
              "Type": "System.String"
            }
          ],
          "ReturnType": "Microsoft.Extensions.FileSystemGlobbing.Abstractions.DirectoryInfoBase",
          "Virtual": true,
          "Override": true,
          "Visibility": "Public",
          "GenericParameter": []
        },
        {
          "Kind": "Method",
          "Name": "GetFile",
          "Parameters": [
            {
              "Name": "name",
              "Type": "System.String"
            }
          ],
          "ReturnType": "Microsoft.Extensions.FileSystemGlobbing.Abstractions.FileInfoBase",
          "Virtual": true,
          "Override": true,
          "Visibility": "Public",
          "GenericParameter": []
        },
        {
          "Kind": "Method",
          "Name": "get_Name",
          "Parameters": [],
          "ReturnType": "System.String",
          "Virtual": true,
          "Override": true,
          "Visibility": "Public",
          "GenericParameter": []
        },
        {
          "Kind": "Method",
          "Name": "get_FullName",
          "Parameters": [],
          "ReturnType": "System.String",
          "Virtual": true,
          "Override": true,
          "Visibility": "Public",
          "GenericParameter": []
        },
        {
          "Kind": "Method",
          "Name": "get_ParentDirectory",
          "Parameters": [],
          "ReturnType": "Microsoft.Extensions.FileSystemGlobbing.Abstractions.DirectoryInfoBase",
          "Virtual": true,
          "Override": true,
          "Visibility": "Public",
          "GenericParameter": []
        },
        {
          "Kind": "Constructor",
          "Name": ".ctor",
          "Parameters": [
            {
              "Name": "directoryInfo",
              "Type": "System.IO.DirectoryInfo"
            }
          ],
          "Visibility": "Public",
          "GenericParameter": []
        }
      ],
      "GenericParameters": []
    },
    {
      "Name": "Microsoft.Extensions.FileSystemGlobbing.Abstractions.FileInfoBase",
      "Visibility": "Public",
      "Kind": "Class",
      "Abstract": true,
      "BaseType": "Microsoft.Extensions.FileSystemGlobbing.Abstractions.FileSystemInfoBase",
      "ImplementedInterfaces": [],
      "Members": [
        {
          "Kind": "Constructor",
          "Name": ".ctor",
          "Parameters": [],
          "Visibility": "Protected",
          "GenericParameter": []
        }
      ],
      "GenericParameters": []
    },
    {
      "Name": "Microsoft.Extensions.FileSystemGlobbing.Abstractions.FileInfoWrapper",
      "Visibility": "Public",
      "Kind": "Class",
      "BaseType": "Microsoft.Extensions.FileSystemGlobbing.Abstractions.FileInfoBase",
      "ImplementedInterfaces": [],
      "Members": [
        {
          "Kind": "Method",
          "Name": "get_Name",
          "Parameters": [],
          "ReturnType": "System.String",
          "Virtual": true,
          "Override": true,
          "Visibility": "Public",
          "GenericParameter": []
        },
        {
          "Kind": "Method",
          "Name": "get_FullName",
          "Parameters": [],
          "ReturnType": "System.String",
          "Virtual": true,
          "Override": true,
          "Visibility": "Public",
          "GenericParameter": []
        },
        {
          "Kind": "Method",
          "Name": "get_ParentDirectory",
          "Parameters": [],
          "ReturnType": "Microsoft.Extensions.FileSystemGlobbing.Abstractions.DirectoryInfoBase",
          "Virtual": true,
          "Override": true,
          "Visibility": "Public",
          "GenericParameter": []
        },
        {
          "Kind": "Constructor",
          "Name": ".ctor",
          "Parameters": [
            {
              "Name": "fileInfo",
              "Type": "System.IO.FileInfo"
            }
          ],
          "Visibility": "Public",
          "GenericParameter": []
        }
      ],
      "GenericParameters": []
    },
    {
      "Name": "Microsoft.Extensions.FileSystemGlobbing.Abstractions.FileSystemInfoBase",
      "Visibility": "Public",
      "Kind": "Class",
      "Abstract": true,
      "ImplementedInterfaces": [],
      "Members": [
        {
          "Kind": "Method",
          "Name": "get_FullName",
          "Parameters": [],
          "ReturnType": "System.String",
          "Virtual": true,
          "Abstract": true,
          "Visibility": "Public",
          "GenericParameter": []
        },
        {
          "Kind": "Method",
          "Name": "get_Name",
          "Parameters": [],
          "ReturnType": "System.String",
          "Virtual": true,
          "Abstract": true,
          "Visibility": "Public",
          "GenericParameter": []
        },
        {
          "Kind": "Method",
          "Name": "get_ParentDirectory",
          "Parameters": [],
          "ReturnType": "Microsoft.Extensions.FileSystemGlobbing.Abstractions.DirectoryInfoBase",
          "Virtual": true,
          "Abstract": true,
          "Visibility": "Public",
          "GenericParameter": []
        },
        {
          "Kind": "Constructor",
          "Name": ".ctor",
          "Parameters": [],
          "Visibility": "Protected",
          "GenericParameter": []
        }
      ],
      "GenericParameters": []
    }
  ]
}